alias,alias_normalized_name,canonical_geo_id,canonical_geo_normalized_name,normalization_rule,catalog_version
АКСАЙ,АКСАЙ,geo_f0896a12c6bd4ebd,АКСАЙ,canonical_name,geo_catalog_v1_2026_07_18
АЛЕКСАНДРОВ,АЛЕКСАНДРОВ,geo_957e66011fc7614c,АЛЕКСАНДРОВ,canonical_name,geo_catalog_v1_2026_07_18
АЛТАЙСКИЙ КРАЙ,АЛТАЙСКИЙ КРАЙ,geo_ef9368375b7cd433,АЛТАЙСКИЙ КРАЙ,canonical_name,geo_catalog_v1_2026_07_18
АЛЬМЕТЬЕВСК,АЛЬМЕТЬЕВСК,geo_cf2e9cf981259b4e,АЛЬМЕТЬЕВСК,canonical_name,geo_catalog_v1_2026_07_18
АНАПА,АНАПА,geo_74240820071487d1,АНАПА,canonical_name,geo_catalog_v1_2026_07_18
АПАТИТЫ,АПАТИТЫ,geo_1a1dd82046f50b13,АПАТИТЫ,canonical_name,geo_catalog_v1_2026_07_18
АРМАВИР,АРМАВИР,geo_ad76eb61a0c4abf1,АРМАВИР,canonical_name,geo_catalog_v1_2026_07_18
АРСЕНЬЕВ,АРСЕНЬЕВ,geo_daf6c4eb196f4842,АРСЕНЬЕВ,canonical_name,geo_catalog_v1_2026_07_18
АРТЕМ,АРТЕМ,geo_d36bbe7743558685,АРТЕМ,canonical_name,geo_catalog_v1_2026_07_18
АРХАНГЕЛЬСК,АРХАНГЕЛЬСК,geo_91572a7fdf0c3bc8,АРХАНГЕЛЬСК,canonical_name,geo_catalog_v1_2026_07_18
АРХАНГЕЛЬСКАЯ ОБЛАСТЬ,АРХАНГЕЛЬСКАЯ ОБЛАСТЬ,geo_e1c6a5b04a684a5f,АРХАНГЕЛЬСКАЯ ОБЛАСТЬ,canonical_name,geo_catalog_v1_2026_07_18
АСТРАХАНСКАЯ ОБЛАСТЬ,АСТРАХАНСКАЯ ОБЛАСТЬ,geo_c0f7fc02db8bce9b,АСТРАХАНСКАЯ ОБЛАСТЬ,canonical_name,geo_catalog_v1_2026_07_18
АСТРАХАНЬ,АСТРАХАНЬ,geo_e316c8f3c2dba674,АСТРАХАНЬ,canonical_name,geo_catalog_v1_2026_07_18
БАЛАШИХА,БАЛАШИХА,geo_0e45d64437ef0ab3,БАЛАШИХА,canonical_name,geo_catalog_v1_2026_07_18
БАРНАУЛ,БАРНАУЛ,geo_8a262b9422eb5010,БАРНАУЛ,canonical_name,geo_catalog_v1_2026_07_18
БАТАЙСК,БАТАЙСК,geo_441a51f1a1a48fa7,БАТАЙСК,canonical_name,geo_catalog_v1_2026_07_18
БЕЖЕЦК,БЕЖЕЦК,geo_ae8f762709d06545,БЕЖЕЦК,canonical_name,geo_catalog_v1_2026_07_18
БЕЛГОРОД,БЕЛГОРОД,geo_66524d70cfd80f33,БЕЛГОРОД,canonical_name,geo_catalog_v1_2026_07_18
БЕЛГОРОДСКАЯ ОБЛАСТЬ,БЕЛГОРОДСКАЯ ОБЛАСТЬ,geo_99113e492e368d1e,БЕЛГОРОДСКАЯ ОБЛАСТЬ,canonical_name,geo_catalog_v1_2026_07_18
БЕРДСК,БЕРДСК,geo_8ac7fd9d42e86e8f,БЕРДСК,canonical_name,geo_catalog_v1_2026_07_18
БЕРЕЗОВСКИЙ,БЕРЕЗОВСКИЙ,geo_8e7b7c971d1eaa78,БЕРЕЗОВСКИЙ,canonical_name,geo_catalog_v1_2026_07_18
БИРОБИДЖАН,БИРОБИДЖАН,geo_3291a51b87f87713,БИРОБИДЖАН,canonical_name,geo_catalog_v1_2026_07_18
БЛАГОВЕЩЕНСК,БЛАГОВЕЩЕНСК,geo_05b2b580396e6c77,БЛАГОВЕЩЕНСК,canonical_name,geo_catalog_v1_2026_07_18
БОЛЬШОЙ КАМЕНЬ,БОЛЬШОЙ КАМЕНЬ,geo_a3d9a7e7e08bfe50,БОЛЬШОЙ КАМЕНЬ,canonical_name,geo_catalog_v1_2026_07_18
БОР,БОР,geo_1b0f112cbf366d9b,БОР,canonical_name,geo_catalog_v1_2026_07_18
БОРОВИЧИ,БОРОВИЧИ,geo_0ceaaee33b14e0a1,БОРОВИЧИ,canonical_name,geo_catalog_v1_2026_07_18
БРЯНСК,БРЯНСК,geo_2f2ef7a4526bd34a,БРЯНСК,canonical_name,geo_catalog_v1_2026_07_18
ВЕЛИКИЕ ЛУКИ,ВЕЛИКИЕ ЛУКИ,geo_9bb973af0c5b0b78,ВЕЛИКИЕ ЛУКИ,canonical_name,geo_catalog_v1_2026_07_18
ВЕЛИКИЙ НОВГОРОД,ВЕЛИКИЙ НОВГОРОД,geo_1d58a46bdd0a4846,ВЕЛИКИЙ НОВГОРОД,canonical_name,geo_catalog_v1_2026_07_18
ВЕЛИКИЙ УСТЮГ,ВЕЛИКИЙ УСТЮГ,geo_4ac7810d9df81d3b,ВЕЛИКИЙ УСТЮГ,canonical_name,geo_catalog_v1_2026_07_18
ВИДНОЕ,ВИДНОЕ,geo_2412d29f1964da67,ВИДНОЕ,canonical_name,geo_catalog_v1_2026_07_18
ВЛАДИВОСТОК,ВЛАДИВОСТОК,geo_dfda5c672fb61686,ВЛАДИВОСТОК,canonical_name,geo_catalog_v1_2026_07_18
ВЛАДИКАВКАЗ,ВЛАДИКАВКАЗ,geo_11dc18bfbea119d8,ВЛАДИКАВКАЗ,canonical_name,geo_catalog_v1_2026_07_18
ВЛАДИМИР,ВЛАДИМИР,geo_cb64426d56fd2a49,ВЛАДИМИР,canonical_name,geo_catalog_v1_2026_07_18
ВОЛГОГРАД,ВОЛГОГРАД,geo_84e5fcec31012b88,ВОЛГОГРАД,canonical_name,geo_catalog_v1_2026_07_18
ВОЛГОГРАДСКАЯ ОБЛАСТЬ,ВОЛГОГРАДСКАЯ ОБЛАСТЬ,geo_360bec89c52dae41,ВОЛГОГРАДСКАЯ ОБЛАСТЬ,canonical_name,geo_catalog_v1_2026_07_18
ВОЛОГДА,ВОЛОГДА,geo_9db51a9fcbbd555e,ВОЛОГДА,canonical_name,geo_catalog_v1_2026_07_18
ВОЛОГОДСКАЯ ОБЛАСТЬ,ВОЛОГОДСКАЯ ОБЛАСТЬ,geo_69a60951706b056a,ВОЛОГОДСКАЯ ОБЛАСТЬ,canonical_name,geo_catalog_v1_2026_07_18
ВОРОНЕЖ,ВОРОНЕЖ,geo_c5bbbb417c2f21f1,ВОРОНЕЖ,canonical_name,geo_catalog_v1_2026_07_18
ВОРОНЕЖСКАЯ ОБЛАСТЬ,ВОРОНЕЖСКАЯ ОБЛАСТЬ,geo_d2d740a2dfa1cdf2,ВОРОНЕЖСКАЯ ОБЛАСТЬ,canonical_name,geo_catalog_v1_2026_07_18
ВЫБОРГ,ВЫБОРГ,geo_520151290ea3255a,ВЫБОРГ,canonical_name,geo_catalog_v1_2026_07_18
ВЫШНИЙ ВОЛОЧЕК,ВЫШНИЙ ВОЛОЧЕК,geo_1e05d321927cf372,ВЫШНИЙ ВОЛОЧЕК,canonical_name,geo_catalog_v1_2026_07_18
ВЯЗНИКИ,ВЯЗНИКИ,geo_723bec066ed256b0,ВЯЗНИКИ,canonical_name,geo_catalog_v1_2026_07_18
г. Аксай,Г. АКСАЙ,geo_f0896a12c6bd4ebd,АКСАЙ,registered_city_prefix,geo_catalog_v1_2026_07_18
г. Александров,Г. АЛЕКСАНДРОВ,geo_957e66011fc7614c,АЛЕКСАНДРОВ,registered_city_prefix,geo_catalog_v1_2026_07_18
г. Альметьевск,Г. АЛЬМЕТЬЕВСК,geo_cf2e9cf981259b4e,АЛЬМЕТЬЕВСК,registered_city_prefix,geo_catalog_v1_2026_07_18
г. Анапа,Г. АНАПА,geo_74240820071487d1,АНАПА,registered_city_prefix,geo_catalog_v1_2026_07_18
г. Апатиты,Г. АПАТИТЫ,geo_1a1dd82046f50b13,АПАТИТЫ,registered_city_prefix,geo_catalog_v1_2026_07_18
г. Армавир,Г. АРМАВИР,geo_ad76eb61a0c4abf1,АРМАВИР,registered_city_prefix,geo_catalog_v1_2026_07_18
г. Арсеньев,Г. АРСЕНЬЕВ,geo_daf6c4eb196f4842,АРСЕНЬЕВ,registered_city_prefix,geo_catalog_v1_2026_07_18
г. Артем,Г. АРТЕМ,geo_d36bbe7743558685,АРТЕМ,registered_city_prefix,geo_catalog_v1_2026_07_18
г. Архангельск,Г. АРХАНГЕЛЬСК,geo_91572a7fdf0c3bc8,АРХАНГЕЛЬСК,registered_city_prefix,geo_catalog_v1_2026_07_18
г. Астрахань,Г. АСТРАХАНЬ,geo_e316c8f3c2dba674,АСТРАХАНЬ,registered_city_prefix,geo_catalog_v1_2026_07_18
г. Балашиха,Г. БАЛАШИХА,geo_0e45d64437ef0ab3,БАЛАШИХА,registered_city_prefix,geo_catalog_v1_2026_07_18
г. Барнаул,Г. БАРНАУЛ,geo_8a262b9422eb5010,БАРНАУЛ,registered_city_prefix,geo_catalog_v1_2026_07_18
г. Батайск,Г. БАТАЙСК,geo_441a51f1a1a48fa7,БАТАЙСК,registered_city_prefix,geo_catalog_v1_2026_07_18
г. Бежецк,Г. БЕЖЕЦК,geo_ae8f762709d06545,БЕЖЕЦК,registered_city_prefix,geo_catalog_v1_2026_07_18
г. Белгород,Г. БЕЛГОРОД,geo_66524d70cfd80f33,БЕЛГОРОД,registered_city_prefix,geo_catalog_v1_2026_07_18
г. Бердск,Г. БЕРДСК,geo_8ac7fd9d42e86e8f,БЕРДСК,registered_city_prefix,geo_catalog_v1_2026_07_18
г. Березовский,Г. БЕРЕЗОВСКИЙ,geo_8e7b7c971d1eaa78,БЕРЕЗОВСКИЙ,registered_city_prefix,geo_catalog_v1_2026_07_18
г. Биробиджан,Г. БИРОБИДЖАН,geo_3291a51b87f87713,БИРОБИДЖАН,registered_city_prefix,geo_catalog_v1_2026_07_18
г. Благовещенск,Г. БЛАГОВЕЩЕНСК,geo_05b2b580396e6c77,БЛАГОВЕЩЕНСК,registered_city_prefix,geo_catalog_v1_2026_07_18
г. Большой Камень,Г. БОЛЬШОЙ КАМЕНЬ,geo_a3d9a7e7e08bfe50,БОЛЬШОЙ КАМЕНЬ,registered_city_prefix,geo_catalog_v1_2026_07_18
г. Бор,Г. БОР,geo_1b0f112cbf366d9b,БОР,registered_city_prefix,geo_catalog_v1_2026_07_18
г. Боровичи,Г. БОРОВИЧИ,geo_0ceaaee33b14e0a1,БОРОВИЧИ,registered_city_prefix,geo_catalog_v1_2026_07_18
г. Брянск,Г. БРЯНСК,geo_2f2ef7a4526bd34a,БРЯНСК,registered_city_prefix,geo_catalog_v1_2026_07_18
г. Великие Луки,Г. ВЕЛИКИЕ ЛУКИ,geo_9bb973af0c5b0b78,ВЕЛИКИЕ ЛУКИ,registered_city_prefix,geo_catalog_v1_2026_07_18
г. Великий Новгород,Г. ВЕЛИКИЙ НОВГОРОД,geo_1d58a46bdd0a4846,ВЕЛИКИЙ НОВГОРОД,registered_city_prefix,geo_catalog_v1_2026_07_18
г. Великий Устюг,Г. ВЕЛИКИЙ УСТЮГ,geo_4ac7810d9df81d3b,ВЕЛИКИЙ УСТЮГ,registered_city_prefix,geo_catalog_v1_2026_07_18
г. Видное,Г. ВИДНОЕ,geo_2412d29f1964da67,ВИДНОЕ,registered_city_prefix,geo_catalog_v1_2026_07_18
г. Владивосток,Г. ВЛАДИВОСТОК,geo_dfda5c672fb61686,ВЛАДИВОСТОК,registered_city_prefix,geo_catalog_v1_2026_07_18
г. Владикавказ,Г. ВЛАДИКАВКАЗ,geo_11dc18bfbea119d8,ВЛАДИКАВКАЗ,registered_city_prefix,geo_catalog_v1_2026_07_18
г. Владимир,Г. ВЛАДИМИР,geo_cb64426d56fd2a49,ВЛАДИМИР,registered_city_prefix,geo_catalog_v1_2026_07_18
г. Волгоград,Г. ВОЛГОГРАД,geo_84e5fcec31012b88,ВОЛГОГРАД,registered_city_prefix,geo_catalog_v1_2026_07_18
г. Вологда,Г. ВОЛОГДА,geo_9db51a9fcbbd555e,ВОЛОГДА,registered_city_prefix,geo_catalog_v1_2026_07_18
г. Воронеж,Г. ВОРОНЕЖ,geo_c5bbbb417c2f21f1,ВОРОНЕЖ,registered_city_prefix,geo_catalog_v1_2026_07_18
г. Выборг,Г. ВЫБОРГ,geo_520151290ea3255a,ВЫБОРГ,registered_city_prefix,geo_catalog_v1_2026_07_18
г. Вышний Волочек,Г. ВЫШНИЙ ВОЛОЧЕК,geo_1e05d321927cf372,ВЫШНИЙ ВОЛОЧЕК,registered_city_prefix,geo_catalog_v1_2026_07_18
г. Вязники,Г. ВЯЗНИКИ,geo_723bec066ed256b0,ВЯЗНИКИ,registered_city_prefix,geo_catalog_v1_2026_07_18
г. Гусь-Хрустальный,Г. ГУСЬ-ХРУСТАЛЬНЫЙ,geo_61fb685891366787,ГУСЬ-ХРУСТАЛЬНЫЙ,registered_city_prefix,geo_catalog_v1_2026_07_18
г. Дзержинск,Г. ДЗЕРЖИНСК,geo_e8a9ff18d4cc574a,ДЗЕРЖИНСК,registered_city_prefix,geo_catalog_v1_2026_07_18
г. Долгопрудный,Г. ДОЛГОПРУДНЫЙ,geo_a7670443521246e9,ДОЛГОПРУДНЫЙ,registered_city_prefix,geo_catalog_v1_2026_07_18
г. Домодедово,Г. ДОМОДЕДОВО,geo_fbf9c84b011ebd56,ДОМОДЕДОВО,registered_city_prefix,geo_catalog_v1_2026_07_18
г. Екатеринбург,Г. ЕКАТЕРИНБУРГ,geo_30d57e2af9301114,ЕКАТЕРИНБУРГ,registered_city_prefix,geo_catalog_v1_2026_07_18
г. Ессентуки,Г. ЕССЕНТУКИ,geo_6c2900420be7fcb0,ЕССЕНТУКИ,registered_city_prefix,geo_catalog_v1_2026_07_18
г. Железногорск,Г. ЖЕЛЕЗНОГОРСК,geo_480f3d37706eea65,ЖЕЛЕЗНОГОРСК,registered_city_prefix,geo_catalog_v1_2026_07_18
г. Завидово,Г. ЗАВИДОВО,geo_8ff699c8119ebd8b,ЗАВИДОВО,registered_city_prefix,geo_catalog_v1_2026_07_18
г. Иваново,Г. ИВАНОВО,geo_6835667d9b3fc15f,ИВАНОВО,registered_city_prefix,geo_catalog_v1_2026_07_18
г. Ижевск,Г. ИЖЕВСК,geo_609ae2c3e4e515a0,ИЖЕВСК,registered_city_prefix,geo_catalog_v1_2026_07_18
г. Иркутск,Г. ИРКУТСК,geo_e3bf4c0631680742,ИРКУТСК,registered_city_prefix,geo_catalog_v1_2026_07_18
г. Йошкар-Ола,Г. ЙОШКАР-ОЛА,geo_244e457664df05ed,ЙОШКАР-ОЛА,registered_city_prefix,geo_catalog_v1_2026_07_18
г. Казань,Г. КАЗАНЬ,geo_7aafc347a167c4da,КАЗАНЬ,registered_city_prefix,geo_catalog_v1_2026_07_18
г. Калининград,Г. КАЛИНИНГРАД,geo_a1c56e2e4c4466f8,КАЛИНИНГРАД,registered_city_prefix,geo_catalog_v1_2026_07_18
г. Калуга,Г. КАЛУГА,geo_fa69b41c3243fefc,КАЛУГА,registered_city_prefix,geo_catalog_v1_2026_07_18
г. Каменск-Шахтинский,Г. КАМЕНСК-ШАХТИНСКИЙ,geo_1b10e39705d1b75c,КАМЕНСК-ШАХТИНСКИЙ,registered_city_prefix,geo_catalog_v1_2026_07_18
г. Кемерово,Г. КЕМЕРОВО,geo_1615d65c53e3d88a,КЕМЕРОВО,registered_city_prefix,geo_catalog_v1_2026_07_18
г. Кинешма,Г. КИНЕШМА,geo_abf1e3dc13d4e6b6,КИНЕШМА,registered_city_prefix,geo_catalog_v1_2026_07_18
г. Кириши,Г. КИРИШИ,geo_fb2194782021ba45,КИРИШИ,registered_city_prefix,geo_catalog_v1_2026_07_18
г. Киров,Г. КИРОВ,geo_5b050d7ea114dc2e,КИРОВ,registered_city_prefix,geo_catalog_v1_2026_07_18
г. Кировск,Г. КИРОВСК,geo_692c9f128b3b5f84,КИРОВСК,registered_city_prefix,geo_catalog_v1_2026_07_18
г. Кисловодск,Г. КИСЛОВОДСК,geo_8e220753930a277f,КИСЛОВОДСК,registered_city_prefix,geo_catalog_v1_2026_07_18
г. Ковров,Г. КОВРОВ,geo_43e3aae44829f95f,КОВРОВ,registered_city_prefix,geo_catalog_v1_2026_07_18
г. Комсомольск-на-Амуре,Г. КОМСОМОЛЬСК-НА-АМУРЕ,geo_724a73c8229d5e9b,КОМСОМОЛЬСК-НА-АМУРЕ,registered_city_prefix,geo_catalog_v1_2026_07_18
г. Конаково,Г. КОНАКОВО,geo_81b9346d310ccb3a,КОНАКОВО,registered_city_prefix,geo_catalog_v1_2026_07_18
г. Королев,Г. КОРОЛЕВ,geo_441492c9e1030bce,КОРОЛЕВ,registered_city_prefix,geo_catalog_v1_2026_07_18
г. Коряжма,Г. КОРЯЖМА,geo_4bb0b2082503653a,КОРЯЖМА,registered_city_prefix,geo_catalog_v1_2026_07_18
г. Кострома,Г. КОСТРОМА,geo_93400a42108562f8,КОСТРОМА,registered_city_prefix,geo_catalog_v1_2026_07_18
г. Котлас,Г. КОТЛАС,geo_3c2426b44557da90,КОТЛАС,registered_city_prefix,geo_catalog_v1_2026_07_18
г. Красногорск,Г. КРАСНОГОРСК,geo_c0fb54b8d7d439bc,КРАСНОГОРСК,registered_city_prefix,geo_catalog_v1_2026_07_18
г. Краснодар,Г. КРАСНОДАР,geo_603847d7490bba77,КРАСНОДАР,registered_city_prefix,geo_catalog_v1_2026_07_18
г. Красноярск,Г. КРАСНОЯРСК,geo_93a89aa2fbcf50f7,КРАСНОЯРСК,registered_city_prefix,geo_catalog_v1_2026_07_18
г. Кузнецк,Г. КУЗНЕЦК,geo_2c847ca0173b1925,КУЗНЕЦК,registered_city_prefix,geo_catalog_v1_2026_07_18
г. Курган,Г. КУРГАН,geo_8d0ec5d509e7e256,КУРГАН,registered_city_prefix,geo_catalog_v1_2026_07_18
г. Курск,Г. КУРСК,geo_92b6cf23ae9992dc,КУРСК,registered_city_prefix,geo_catalog_v1_2026_07_18
г. Липецк,Г. ЛИПЕЦК,geo_679fcdcbff1d857e,ЛИПЕЦК,registered_city_prefix,geo_catalog_v1_2026_07_18
г. Лобня,Г. ЛОБНЯ,geo_aa6a3705d9ba05dd,ЛОБНЯ,registered_city_prefix,geo_catalog_v1_2026_07_18
г. Люберцы,Г. ЛЮБЕРЦЫ,geo_f2a156c9dae90dad,ЛЮБЕРЦЫ,registered_city_prefix,geo_catalog_v1_2026_07_18
г. Магнитогорск,Г. МАГНИТОГОРСК,geo_db7fa1f7c10dbe2c,МАГНИТОГОРСК,registered_city_prefix,geo_catalog_v1_2026_07_18
г. Майкоп,Г. МАЙКОП,geo_2db8f7f2a69e53db,МАЙКОП,registered_city_prefix,geo_catalog_v1_2026_07_18
г. Миасс,Г. МИАСС,geo_ee195086e4c581bf,МИАСС,registered_city_prefix,geo_catalog_v1_2026_07_18
г. Минеральные Воды,Г. МИНЕРАЛЬНЫЕ ВОДЫ,geo_17ab139ca967145a,МИНЕРАЛЬНЫЕ ВОДЫ,registered_city_prefix,geo_catalog_v1_2026_07_18
г. Мичуринск,Г. МИЧУРИНСК,geo_150933c6acf548e4,МИЧУРИНСК,registered_city_prefix,geo_catalog_v1_2026_07_18
г. Мончегорск,Г. МОНЧЕГОРСК,geo_ded441dd9232ea01,МОНЧЕГОРСК,registered_city_prefix,geo_catalog_v1_2026_07_18
г. Москва,Г. МОСКВА,geo_96d8acf2128d1686,МОСКВА,registered_city_prefix,geo_catalog_v1_2026_07_18
г. Мурманск,Г. МУРМАНСК,geo_47e505cb9a22cb1f,МУРМАНСК,registered_city_prefix,geo_catalog_v1_2026_07_18
г. Мытищи,Г. МЫТИЩИ,geo_ea4bfd6090011e7d,МЫТИЩИ,registered_city_prefix,geo_catalog_v1_2026_07_18
г. Набережные Челны,Г. НАБЕРЕЖНЫЕ ЧЕЛНЫ,geo_d8ed17b732f43f57,НАБЕРЕЖНЫЕ ЧЕЛНЫ,registered_city_prefix,geo_catalog_v1_2026_07_18
г. Нальчик,Г. НАЛЬЧИК,geo_c51dfc7db7a809e9,НАЛЬЧИК,registered_city_prefix,geo_catalog_v1_2026_07_18
г. Находка,Г. НАХОДКА,geo_9580f4dcafacc7a3,НАХОДКА,registered_city_prefix,geo_catalog_v1_2026_07_18
г. Нижневартовск,Г. НИЖНЕВАРТОВСК,geo_a20b0e6e0fac037b,НИЖНЕВАРТОВСК,registered_city_prefix,geo_catalog_v1_2026_07_18
г. Нижнекамск,Г. НИЖНЕКАМСК,geo_59073a79559340a0,НИЖНЕКАМСК,registered_city_prefix,geo_catalog_v1_2026_07_18
г. Нижний Тагил,Г. НИЖНИЙ ТАГИЛ,geo_06ad7b89944f92a2,НИЖНИЙ ТАГИЛ,registered_city_prefix,geo_catalog_v1_2026_07_18
г. Новокузнецк,Г. НОВОКУЗНЕЦК,geo_ad615a694a8e9a54,НОВОКУЗНЕЦК,registered_city_prefix,geo_catalog_v1_2026_07_18
г. Новокуйбышевск,Г. НОВОКУЙБЫШЕВСК,geo_be918c5b97ba92ab,НОВОКУЙБЫШЕВСК,registered_city_prefix,geo_catalog_v1_2026_07_18
г. Новороссийск,Г. НОВОРОССИЙСК,geo_e6eb0fa6da272e9b,НОВОРОССИЙСК,registered_city_prefix,geo_catalog_v1_2026_07_18
г. Новосибирск,Г. НОВОСИБИРСК,geo_ae4b572fa4c02f42,НОВОСИБИРСК,registered_city_prefix,geo_catalog_v1_2026_07_18
г. Новочебоксарск,Г. НОВОЧЕБОКСАРСК,geo_10d6f86f021847c6,НОВОЧЕБОКСАРСК,registered_city_prefix,geo_catalog_v1_2026_07_18
г. Новочеркасск,Г. НОВОЧЕРКАССК,geo_031395c2814d1770,НОВОЧЕРКАССК,registered_city_prefix,geo_catalog_v1_2026_07_18
г. Оленегорск,Г. ОЛЕНЕГОРСК,geo_89551556910e5180,ОЛЕНЕГОРСК,registered_city_prefix,geo_catalog_v1_2026_07_18
г. Омск,Г. ОМСК,geo_093a1766328e66ca,ОМСК,registered_city_prefix,geo_catalog_v1_2026_07_18
г. Орел,Г. ОРЕЛ,geo_75b1c7a1ec0c6bca,ОРЕЛ,registered_city_prefix,geo_catalog_v1_2026_07_18
г. Оренбург,Г. ОРЕНБУРГ,geo_181e96762afa6524,ОРЕНБУРГ,registered_city_prefix,geo_catalog_v1_2026_07_18
г. Осташево,Г. ОСТАШЕВО,geo_8aec4909737b94ec,ОСТАШЕВО,registered_city_prefix,geo_catalog_v1_2026_07_18
г. Остров,Г. ОСТРОВ,geo_a1c32c91e8ec8e60,ОСТРОВ,registered_city_prefix,geo_catalog_v1_2026_07_18
г. Партизанск,Г. ПАРТИЗАНСК,geo_4f53b29b6ff02d79,ПАРТИЗАНСК,registered_city_prefix,geo_catalog_v1_2026_07_18
г. Пенза,Г. ПЕНЗА,geo_09500abdc140c57e,ПЕНЗА,registered_city_prefix,geo_catalog_v1_2026_07_18
г. Переславль-Залесский,Г. ПЕРЕСЛАВЛЬ-ЗАЛЕССКИЙ,geo_f6705f8d048e2b53,ПЕРЕСЛАВЛЬ-ЗАЛЕССКИЙ,registered_city_prefix,geo_catalog_v1_2026_07_18
г. Пермь,Г. ПЕРМЬ,geo_37451e5dce8192aa,ПЕРМЬ,registered_city_prefix,geo_catalog_v1_2026_07_18
г. Петрозаводск,Г. ПЕТРОЗАВОДСК,geo_a8cb66747ba3b026,ПЕТРОЗАВОДСК,registered_city_prefix,geo_catalog_v1_2026_07_18
г. Подольск,Г. ПОДОЛЬСК,geo_425d8ef3221e32b8,ПОДОЛЬСК,registered_city_prefix,geo_catalog_v1_2026_07_18
г. Псков,Г. ПСКОВ,geo_64a57807beaa1977,ПСКОВ,registered_city_prefix,geo_catalog_v1_2026_07_18
г. Пятигорск,Г. ПЯТИГОРСК,geo_eb5910a08dfcc5c1,ПЯТИГОРСК,registered_city_prefix,geo_catalog_v1_2026_07_18
г. Раменское,Г. РАМЕНСКОЕ,geo_a9d7e611872fa730,РАМЕНСКОЕ,registered_city_prefix,geo_catalog_v1_2026_07_18
г. Ростов-на-Дону,Г. РОСТОВ-НА-ДОНУ,geo_654946621661ed59,РОСТОВ-НА-ДОНУ,registered_city_prefix,geo_catalog_v1_2026_07_18
г. Рыбинск,Г. РЫБИНСК,geo_42f79d22f4fb70a5,РЫБИНСК,registered_city_prefix,geo_catalog_v1_2026_07_18
г. Рязань,Г. РЯЗАНЬ,geo_6250113c3a735179,РЯЗАНЬ,registered_city_prefix,geo_catalog_v1_2026_07_18
г. Самара,Г. САМАРА,geo_2a7d6797adab975f,САМАРА,registered_city_prefix,geo_catalog_v1_2026_07_18
г. Санкт-Петербург,Г. САНКТ-ПЕТЕРБУРГ,geo_94835d40a52e5a3a,САНКТ-ПЕТЕРБУРГ,registered_city_prefix,geo_catalog_v1_2026_07_18
г. Саранск,Г. САРАНСК,geo_7d1b5b95bf81cf12,САРАНСК,registered_city_prefix,geo_catalog_v1_2026_07_18
г. Саратов,Г. САРАТОВ,geo_5fa9084303383362,САРАТОВ,registered_city_prefix,geo_catalog_v1_2026_07_18
г. Северодвинск,Г. СЕВЕРОДВИНСК,geo_c6774093951808be,СЕВЕРОДВИНСК,registered_city_prefix,geo_catalog_v1_2026_07_18
г. Славянск-на-Кубани,Г. СЛАВЯНСК-НА-КУБАНИ,geo_c7f12238925542ef,СЛАВЯНСК-НА-КУБАНИ,registered_city_prefix,geo_catalog_v1_2026_07_18
г. Смоленск,Г. СМОЛЕНСК,geo_7b998ab602a8bb85,СМОЛЕНСК,registered_city_prefix,geo_catalog_v1_2026_07_18
г. Сокол,Г. СОКОЛ,geo_9ad85b7d0d60c3a8,СОКОЛ,registered_city_prefix,geo_catalog_v1_2026_07_18
г. Солнечногорск,Г. СОЛНЕЧНОГОРСК,geo_c702f60ace70d5f2,СОЛНЕЧНОГОРСК,registered_city_prefix,geo_catalog_v1_2026_07_18
г. Сочи,Г. СОЧИ,geo_2e944fce52e678a6,СОЧИ,registered_city_prefix,geo_catalog_v1_2026_07_18
г. Ставрополь,Г. СТАВРОПОЛЬ,geo_b03bdf6566284376,СТАВРОПОЛЬ,registered_city_prefix,geo_catalog_v1_2026_07_18
г. Старый Оскол,Г. СТАРЫЙ ОСКОЛ,geo_870a7f937ff57ad8,СТАРЫЙ ОСКОЛ,registered_city_prefix,geo_catalog_v1_2026_07_18
г. Сургут,Г. СУРГУТ,geo_de69fcc1dc39ab66,СУРГУТ,registered_city_prefix,geo_catalog_v1_2026_07_18
г. Сыктывкар,Г. СЫКТЫВКАР,geo_4182ea75dbfa6adf,СЫКТЫВКАР,registered_city_prefix,geo_catalog_v1_2026_07_18
г. Таганрог,Г. ТАГАНРОГ,geo_ce5654ff1584e47a,ТАГАНРОГ,registered_city_prefix,geo_catalog_v1_2026_07_18
г. Тамбов,Г. ТАМБОВ,geo_e10794967a6913ef,ТАМБОВ,registered_city_prefix,geo_catalog_v1_2026_07_18
г. Тверь,Г. ТВЕРЬ,geo_7518d7367997f3ed,ТВЕРЬ,registered_city_prefix,geo_catalog_v1_2026_07_18
г. Тимашевск,Г. ТИМАШЕВСК,geo_6527fd7958b63ecb,ТИМАШЕВСК,registered_city_prefix,geo_catalog_v1_2026_07_18
г. Тихорецк,Г. ТИХОРЕЦК,geo_9f4af49a5d901612,ТИХОРЕЦК,registered_city_prefix,geo_catalog_v1_2026_07_18
г. Тольятти,Г. ТОЛЬЯТТИ,geo_ca921138dd63e5b0,ТОЛЬЯТТИ,registered_city_prefix,geo_catalog_v1_2026_07_18
г. Томск,Г. ТОМСК,geo_133cdb7dcca84543,ТОМСК,registered_city_prefix,geo_catalog_v1_2026_07_18
г. Торжок,Г. ТОРЖОК,geo_192c939939bbebd5,ТОРЖОК,registered_city_prefix,geo_catalog_v1_2026_07_18
г. Тула,Г. ТУЛА,geo_39bd072f033b68ee,ТУЛА,registered_city_prefix,geo_catalog_v1_2026_07_18
г. Тутаев,Г. ТУТАЕВ,geo_d2f332559d2b8768,ТУТАЕВ,registered_city_prefix,geo_catalog_v1_2026_07_18
г. Тюмень,Г. ТЮМЕНЬ,geo_6de565131413b901,ТЮМЕНЬ,registered_city_prefix,geo_catalog_v1_2026_07_18
г. Углич,Г. УГЛИЧ,geo_1d4e10a78edc1614,УГЛИЧ,registered_city_prefix,geo_catalog_v1_2026_07_18
г. Удомля,Г. УДОМЛЯ,geo_d32a2da6f7fa7234,УДОМЛЯ,registered_city_prefix,geo_catalog_v1_2026_07_18
г. Улан-Удэ,Г. УЛАН-УДЭ,geo_1d7333fd2a3c8715,УЛАН-УДЭ,registered_city_prefix,geo_catalog_v1_2026_07_18
г. Ульяновск,Г. УЛЬЯНОВСК,geo_95ccc4904baeea20,УЛЬЯНОВСК,registered_city_prefix,geo_catalog_v1_2026_07_18
г. Уссурийск,Г. УССУРИЙСК,geo_cc6d40a0fd8a0441,УССУРИЙСК,registered_city_prefix,geo_catalog_v1_2026_07_18
г. Уфа,Г. УФА,geo_965336b61d1b679c,УФА,registered_city_prefix,geo_catalog_v1_2026_07_18
г. Ухта,Г. УХТА,geo_d2c4415cd7421cea,УХТА,registered_city_prefix,geo_catalog_v1_2026_07_18
г. Фокино,Г. ФОКИНО,geo_746b7f322c7d4483,ФОКИНО,registered_city_prefix,geo_catalog_v1_2026_07_18
г. Хабаровск,Г. ХАБАРОВСК,geo_9920888cf795b8e9,ХАБАРОВСК,registered_city_prefix,geo_catalog_v1_2026_07_18
г. Ханты-Мансийск,Г. ХАНТЫ-МАНСИЙСК,geo_5ac7acde3cdf68a6,ХАНТЫ-МАНСИЙСК,registered_city_prefix,geo_catalog_v1_2026_07_18
г. Химки,Г. ХИМКИ,geo_ff1cdaafe9cbdd42,ХИМКИ,registered_city_prefix,geo_catalog_v1_2026_07_18
г. Чебоксары,Г. ЧЕБОКСАРЫ,geo_b25fd4fb102fd0bb,ЧЕБОКСАРЫ,registered_city_prefix,geo_catalog_v1_2026_07_18
г. Челябинск,Г. ЧЕЛЯБИНСК,geo_5d01870a3a173190,ЧЕЛЯБИНСК,registered_city_prefix,geo_catalog_v1_2026_07_18
г. Череповец,Г. ЧЕРЕПОВЕЦ,geo_3c537c4cd22a8b1f,ЧЕРЕПОВЕЦ,registered_city_prefix,geo_catalog_v1_2026_07_18
г. Черкесск,Г. ЧЕРКЕССК,geo_9519057ac44fcf68,ЧЕРКЕССК,registered_city_prefix,geo_catalog_v1_2026_07_18
г. Чита,Г. ЧИТА,geo_3a3c9a16bd3f4347,ЧИТА,registered_city_prefix,geo_catalog_v1_2026_07_18
г. Шахты,Г. ШАХТЫ,geo_91a30b433c3f5106,ШАХТЫ,registered_city_prefix,geo_catalog_v1_2026_07_18
г. Шуя,Г. ШУЯ,geo_27c6321193c78661,ШУЯ,registered_city_prefix,geo_catalog_v1_2026_07_18
г. Щелково,Г. ЩЕЛКОВО,geo_b894719643de2741,ЩЕЛКОВО,registered_city_prefix,geo_catalog_v1_2026_07_18
г. Энгельс,Г. ЭНГЕЛЬС,geo_79524caf0e86edf3,ЭНГЕЛЬС,registered_city_prefix,geo_catalog_v1_2026_07_18
г. Якутск,Г. ЯКУТСК,geo_42f01deb191fb1c1,ЯКУТСК,registered_city_prefix,geo_catalog_v1_2026_07_18
г. Ярославль,Г. ЯРОСЛАВЛЬ,geo_212302479b4c065e,ЯРОСЛАВЛЬ,registered_city_prefix,geo_catalog_v1_2026_07_18
город Санкт-Петербург,ГОРОД САНКТ-ПЕТЕРБУРГ,geo_94835d40a52e5a3a,САНКТ-ПЕТЕРБУРГ,registered_business_alias,geo_catalog_v1_2026_07_18
ГУСЬ ХРУСТАЛЬНЫЙ,ГУСЬ ХРУСТАЛЬНЫЙ,geo_61fb685891366787,ГУСЬ-ХРУСТАЛЬНЫЙ,registered_hyphen_variant,geo_catalog_v1_2026_07_18
ГУСЬ-ХРУСТАЛЬНЫЙ,ГУСЬ-ХРУСТАЛЬНЫЙ,geo_61fb685891366787,ГУСЬ-ХРУСТАЛЬНЫЙ,canonical_name,geo_catalog_v1_2026_07_18
ДЗЕРЖИНСК,ДЗЕРЖИНСК,geo_e8a9ff18d4cc574a,ДЗЕРЖИНСК,canonical_name,geo_catalog_v1_2026_07_18
ДОЛГОПРУДНЫЙ,ДОЛГОПРУДНЫЙ,geo_a7670443521246e9,ДОЛГОПРУДНЫЙ,canonical_name,geo_catalog_v1_2026_07_18
ДОМОДЕДОВО,ДОМОДЕДОВО,geo_fbf9c84b011ebd56,ДОМОДЕДОВО,canonical_name,geo_catalog_v1_2026_07_18
ЕКАТЕРИНБУРГ,ЕКАТЕРИНБУРГ,geo_30d57e2af9301114,ЕКАТЕРИНБУРГ,canonical_name,geo_catalog_v1_2026_07_18
ЕССЕНТУКИ,ЕССЕНТУКИ,geo_6c2900420be7fcb0,ЕССЕНТУКИ,canonical_name,geo_catalog_v1_2026_07_18
ЖЕЛЕЗНОГОРСК,ЖЕЛЕЗНОГОРСК,geo_480f3d37706eea65,ЖЕЛЕЗНОГОРСК,canonical_name,geo_catalog_v1_2026_07_18
ЗАБАЙКАЛЬСКИЙ КРАЙ,ЗАБАЙКАЛЬСКИЙ КРАЙ,geo_845dcb133962087a,ЗАБАЙКАЛЬСКИЙ КРАЙ,canonical_name,geo_catalog_v1_2026_07_18
ЗАВИДОВО,ЗАВИДОВО,geo_8ff699c8119ebd8b,ЗАВИДОВО,canonical_name,geo_catalog_v1_2026_07_18
ИВАНОВО,ИВАНОВО,geo_6835667d9b3fc15f,ИВАНОВО,canonical_name,geo_catalog_v1_2026_07_18
ИВАНОВСКАЯ ОБЛАСТЬ,ИВАНОВСКАЯ ОБЛАСТЬ,geo_3adf62e63c7fd5d5,ИВАНОВСКАЯ ОБЛАСТЬ,canonical_name,geo_catalog_v1_2026_07_18
ИЖЕВСК,ИЖЕВСК,geo_609ae2c3e4e515a0,ИЖЕВСК,canonical_name,geo_catalog_v1_2026_07_18
ИРКУТСК,ИРКУТСК,geo_e3bf4c0631680742,ИРКУТСК,canonical_name,geo_catalog_v1_2026_07_18
ИРКУТСКАЯ ОБЛАСТЬ,ИРКУТСКАЯ ОБЛАСТЬ,geo_17fdd13e7c3490cf,ИРКУТСКАЯ ОБЛАСТЬ,canonical_name,geo_catalog_v1_2026_07_18
ЙОШКАР ОЛА,ЙОШКАР ОЛА,geo_244e457664df05ed,ЙОШКАР-ОЛА,registered_hyphen_variant,geo_catalog_v1_2026_07_18
ЙОШКАР-ОЛА,ЙОШКАР-ОЛА,geo_244e457664df05ed,ЙОШКАР-ОЛА,canonical_name,geo_catalog_v1_2026_07_18
КАБАРДИНО БАЛКАРСКАЯ РЕСПУБЛИКА,КАБАРДИНО БАЛКАРСКАЯ РЕСПУБЛИКА,geo_f3bc16c2258e5d7a,КАБАРДИНО-БАЛКАРСКАЯ РЕСПУБЛИКА,registered_hyphen_variant,geo_catalog_v1_2026_07_18
КАБАРДИНО-БАЛКАРСКАЯ РЕСПУБЛИКА,КАБАРДИНО-БАЛКАРСКАЯ РЕСПУБЛИКА,geo_f3bc16c2258e5d7a,КАБАРДИНО-БАЛКАРСКАЯ РЕСПУБЛИКА,canonical_name,geo_catalog_v1_2026_07_18
КАЗАНЬ,КАЗАНЬ,geo_7aafc347a167c4da,КАЗАНЬ,canonical_name,geo_catalog_v1_2026_07_18
КАЛИНИНГРАД,КАЛИНИНГРАД,geo_a1c56e2e4c4466f8,КАЛИНИНГРАД,canonical_name,geo_catalog_v1_2026_07_18
КАЛИНИНГРАДСКАЯ ОБЛАСТЬ,КАЛИНИНГРАДСКАЯ ОБЛАСТЬ,geo_9fa9947d05f9c106,КАЛИНИНГРАДСКАЯ ОБЛАСТЬ,canonical_name,geo_catalog_v1_2026_07_18
КАЛУГА,КАЛУГА,geo_fa69b41c3243fefc,КАЛУГА,canonical_name,geo_catalog_v1_2026_07_18
КАМЕНСК ШАХТИНСКИЙ,КАМЕНСК ШАХТИНСКИЙ,geo_1b10e39705d1b75c,КАМЕНСК-ШАХТИНСКИЙ,registered_hyphen_variant,geo_catalog_v1_2026_07_18
КАМЕНСК-ШАХТИНСКИЙ,КАМЕНСК-ШАХТИНСКИЙ,geo_1b10e39705d1b75c,КАМЕНСК-ШАХТИНСКИЙ,canonical_name,geo_catalog_v1_2026_07_18
КАРАЧАЕВО ЧЕРКЕССКАЯ РЕСПУБЛИКА,КАРАЧАЕВО ЧЕРКЕССКАЯ РЕСПУБЛИКА,geo_77d766e98e94b5b2,КАРАЧАЕВО-ЧЕРКЕССКАЯ РЕСПУБЛИКА,registered_hyphen_variant,geo_catalog_v1_2026_07_18
КАРАЧАЕВО-ЧЕРКЕССКАЯ РЕСПУБЛИКА,КАРАЧАЕВО-ЧЕРКЕССКАЯ РЕСПУБЛИКА,geo_77d766e98e94b5b2,КАРАЧАЕВО-ЧЕРКЕССКАЯ РЕСПУБЛИКА,canonical_name,geo_catalog_v1_2026_07_18
КЕМЕРОВО,КЕМЕРОВО,geo_1615d65c53e3d88a,КЕМЕРОВО,canonical_name,geo_catalog_v1_2026_07_18
КЕМЕРОВСКАЯ ОБЛАСТЬ,КЕМЕРОВСКАЯ ОБЛАСТЬ,geo_b43f77bcf0d0291c,КЕМЕРОВСКАЯ ОБЛАСТЬ,canonical_name,geo_catalog_v1_2026_07_18
Кемеровская область - Кузбасс,КЕМЕРОВСКАЯ ОБЛАСТЬ - КУЗБАСС,geo_b43f77bcf0d0291c,КЕМЕРОВСКАЯ ОБЛАСТЬ,registered_business_alias,geo_catalog_v1_2026_07_18
КИНЕШМА,КИНЕШМА,geo_abf1e3dc13d4e6b6,КИНЕШМА,canonical_name,geo_catalog_v1_2026_07_18
КИРИШИ,КИРИШИ,geo_fb2194782021ba45,КИРИШИ,canonical_name,geo_catalog_v1_2026_07_18
КИРОВ,КИРОВ,geo_5b050d7ea114dc2e,КИРОВ,canonical_name,geo_catalog_v1_2026_07_18
КИРОВСК,КИРОВСК,geo_692c9f128b3b5f84,КИРОВСК,canonical_name,geo_catalog_v1_2026_07_18
КИРОВСКАЯ ОБЛАСТЬ,КИРОВСКАЯ ОБЛАСТЬ,geo_c39a937a4a265d1a,КИРОВСКАЯ ОБЛАСТЬ,canonical_name,geo_catalog_v1_2026_07_18
КИСЛОВОДСК,КИСЛОВОДСК,geo_8e220753930a277f,КИСЛОВОДСК,canonical_name,geo_catalog_v1_2026_07_18
КОВРОВ,КОВРОВ,geo_43e3aae44829f95f,КОВРОВ,canonical_name,geo_catalog_v1_2026_07_18
КОМСОМОЛЬСК НА АМУРЕ,КОМСОМОЛЬСК НА АМУРЕ,geo_724a73c8229d5e9b,КОМСОМОЛЬСК-НА-АМУРЕ,registered_hyphen_variant,geo_catalog_v1_2026_07_18
КОМСОМОЛЬСК-НА-АМУРЕ,КОМСОМОЛЬСК-НА-АМУРЕ,geo_724a73c8229d5e9b,КОМСОМОЛЬСК-НА-АМУРЕ,canonical_name,geo_catalog_v1_2026_07_18
КОНАКОВО,КОНАКОВО,geo_81b9346d310ccb3a,КОНАКОВО,canonical_name,geo_catalog_v1_2026_07_18
КОРОЛЕВ,КОРОЛЕВ,geo_441492c9e1030bce,КОРОЛЕВ,canonical_name,geo_catalog_v1_2026_07_18
КОРЯЖМА,КОРЯЖМА,geo_4bb0b2082503653a,КОРЯЖМА,canonical_name,geo_catalog_v1_2026_07_18
КОСТРОМА,КОСТРОМА,geo_93400a42108562f8,КОСТРОМА,canonical_name,geo_catalog_v1_2026_07_18
КОСТРОМСКАЯ ОБЛАСТЬ,КОСТРОМСКАЯ ОБЛАСТЬ,geo_89a058f5b87790ec,КОСТРОМСКАЯ ОБЛАСТЬ,canonical_name,geo_catalog_v1_2026_07_18
КОТЛАС,КОТЛАС,geo_3c2426b44557da90,КОТЛАС,canonical_name,geo_catalog_v1_2026_07_18
КРАСНОГОРСК,КРАСНОГОРСК,geo_c0fb54b8d7d439bc,КРАСНОГОРСК,canonical_name,geo_catalog_v1_2026_07_18
КРАСНОДАР,КРАСНОДАР,geo_603847d7490bba77,КРАСНОДАР,canonical_name,geo_catalog_v1_2026_07_18
КРАСНОДАРСКИЙ КРАЙ,КРАСНОДАРСКИЙ КРАЙ,geo_23aeed82014ce95e,КРАСНОДАРСКИЙ КРАЙ,canonical_name,geo_catalog_v1_2026_07_18
КРАСНОЯРСК,КРАСНОЯРСК,geo_93a89aa2fbcf50f7,КРАСНОЯРСК,canonical_name,geo_catalog_v1_2026_07_18
КРАСНОЯРСКИЙ КРАЙ,КРАСНОЯРСКИЙ КРАЙ,geo_6ef64f38d40f6a76,КРАСНОЯРСКИЙ КРАЙ,canonical_name,geo_catalog_v1_2026_07_18
КСТОВСКИЙ РАЙОН,КСТОВСКИЙ РАЙОН,geo_3346e213f2315f11,КСТОВСКИЙ РАЙОН,canonical_name,geo_catalog_v1_2026_07_18
КУЗНЕЦК,КУЗНЕЦК,geo_2c847ca0173b1925,КУЗНЕЦК,canonical_name,geo_catalog_v1_2026_07_18
КУРГАН,КУРГАН,geo_8d0ec5d509e7e256,КУРГАН,canonical_name,geo_catalog_v1_2026_07_18
КУРГАНСКАЯ ОБЛАСТЬ,КУРГАНСКАЯ ОБЛАСТЬ,geo_82e3d00fad994578,КУРГАНСКАЯ ОБЛАСТЬ,canonical_name,geo_catalog_v1_2026_07_18
КУРСК,КУРСК,geo_92b6cf23ae9992dc,КУРСК,canonical_name,geo_catalog_v1_2026_07_18
КУРСКАЯ ОБЛАСТЬ,КУРСКАЯ ОБЛАСТЬ,geo_95a5bc5573fb18d5,КУРСКАЯ ОБЛАСТЬ,canonical_name,geo_catalog_v1_2026_07_18
ЛЕНИНГРАДСКАЯ ОБЛАСТЬ,ЛЕНИНГРАДСКАЯ ОБЛАСТЬ,geo_a58138e94aa78713,ЛЕНИНГРАДСКАЯ ОБЛАСТЬ,canonical_name,geo_catalog_v1_2026_07_18
ЛИПЕЦК,ЛИПЕЦК,geo_679fcdcbff1d857e,ЛИПЕЦК,canonical_name,geo_catalog_v1_2026_07_18
ЛИПЕЦКАЯ ОБЛАСТЬ,ЛИПЕЦКАЯ ОБЛАСТЬ,geo_76c59267159b9cf1,ЛИПЕЦКАЯ ОБЛАСТЬ,canonical_name,geo_catalog_v1_2026_07_18
ЛОБНЯ,ЛОБНЯ,geo_aa6a3705d9ba05dd,ЛОБНЯ,canonical_name,geo_catalog_v1_2026_07_18
ЛЮБЕРЦЫ,ЛЮБЕРЦЫ,geo_f2a156c9dae90dad,ЛЮБЕРЦЫ,canonical_name,geo_catalog_v1_2026_07_18
МАГНИТОГОРСК,МАГНИТОГОРСК,geo_db7fa1f7c10dbe2c,МАГНИТОГОРСК,canonical_name,geo_catalog_v1_2026_07_18
МАЙКОП,МАЙКОП,geo_2db8f7f2a69e53db,МАЙКОП,canonical_name,geo_catalog_v1_2026_07_18
МИАСС,МИАСС,geo_ee195086e4c581bf,МИАСС,canonical_name,geo_catalog_v1_2026_07_18
МИНЕРАЛЬНЫЕ ВОДЫ,МИНЕРАЛЬНЫЕ ВОДЫ,geo_17ab139ca967145a,МИНЕРАЛЬНЫЕ ВОДЫ,canonical_name,geo_catalog_v1_2026_07_18
МИЧУРИНСК,МИЧУРИНСК,geo_150933c6acf548e4,МИЧУРИНСК,canonical_name,geo_catalog_v1_2026_07_18
МОНЧЕГОРСК,МОНЧЕГОРСК,geo_ded441dd9232ea01,МОНЧЕГОРСК,canonical_name,geo_catalog_v1_2026_07_18
МОСКВА,МОСКВА,geo_96d8acf2128d1686,МОСКВА,canonical_name,geo_catalog_v1_2026_07_18
МОСКОВСКАЯ ОБЛАСТЬ,МОСКОВСКАЯ ОБЛАСТЬ,geo_e2491244881757a2,МОСКОВСКАЯ ОБЛАСТЬ,canonical_name,geo_catalog_v1_2026_07_18
МУРМАНСК,МУРМАНСК,geo_47e505cb9a22cb1f,МУРМАНСК,canonical_name,geo_catalog_v1_2026_07_18
МУРМАНСКАЯ ОБЛАСТЬ,МУРМАНСКАЯ ОБЛАСТЬ,geo_3f3864f3f1391c1f,МУРМАНСКАЯ ОБЛАСТЬ,canonical_name,geo_catalog_v1_2026_07_18
МЫТИЩИ,МЫТИЩИ,geo_ea4bfd6090011e7d,МЫТИЩИ,canonical_name,geo_catalog_v1_2026_07_18
НАБЕРЕЖНЫЕ ЧЕЛНЫ,НАБЕРЕЖНЫЕ ЧЕЛНЫ,geo_d8ed17b732f43f57,НАБЕРЕЖНЫЕ ЧЕЛНЫ,canonical_name,geo_catalog_v1_2026_07_18
НАЛЬЧИК,НАЛЬЧИК,geo_c51dfc7db7a809e9,НАЛЬЧИК,canonical_name,geo_catalog_v1_2026_07_18
НАХОДКА,НАХОДКА,geo_9580f4dcafacc7a3,НАХОДКА,canonical_name,geo_catalog_v1_2026_07_18
НИЖЕГОРОДСКАЯ ОБЛАСТЬ,НИЖЕГОРОДСКАЯ ОБЛАСТЬ,geo_f34399b4da91273c,НИЖЕГОРОДСКАЯ ОБЛАСТЬ,canonical_name,geo_catalog_v1_2026_07_18
НИЖНЕВАРТОВСК,НИЖНЕВАРТОВСК,geo_a20b0e6e0fac037b,НИЖНЕВАРТОВСК,canonical_name,geo_catalog_v1_2026_07_18
НИЖНЕКАМСК,НИЖНЕКАМСК,geo_59073a79559340a0,НИЖНЕКАМСК,canonical_name,geo_catalog_v1_2026_07_18
НИЖНИЙ ТАГИЛ,НИЖНИЙ ТАГИЛ,geo_06ad7b89944f92a2,НИЖНИЙ ТАГИЛ,canonical_name,geo_catalog_v1_2026_07_18
НОВГОРОДСКАЯ ОБЛАСТЬ,НОВГОРОДСКАЯ ОБЛАСТЬ,geo_f37af7616df95109,НОВГОРОДСКАЯ ОБЛАСТЬ,canonical_name,geo_catalog_v1_2026_07_18
НОВОКУЗНЕЦК,НОВОКУЗНЕЦК,geo_ad615a694a8e9a54,НОВОКУЗНЕЦК,canonical_name,geo_catalog_v1_2026_07_18
НОВОКУЙБЫШЕВСК,НОВОКУЙБЫШЕВСК,geo_be918c5b97ba92ab,НОВОКУЙБЫШЕВСК,canonical_name,geo_catalog_v1_2026_07_18
НОВОРОССИЙСК,НОВОРОССИЙСК,geo_e6eb0fa6da272e9b,НОВОРОССИЙСК,canonical_name,geo_catalog_v1_2026_07_18
НОВОСИБИРСК,НОВОСИБИРСК,geo_ae4b572fa4c02f42,НОВОСИБИРСК,canonical_name,geo_catalog_v1_2026_07_18
НОВОСИБИРСКАЯ ОБЛАСТЬ,НОВОСИБИРСКАЯ ОБЛАСТЬ,geo_c704aed06fb8903b,НОВОСИБИРСКАЯ ОБЛАСТЬ,canonical_name,geo_catalog_v1_2026_07_18
НОВОЧЕБОКСАРСК,НОВОЧЕБОКСАРСК,geo_10d6f86f021847c6,НОВОЧЕБОКСАРСК,canonical_name,geo_catalog_v1_2026_07_18
НОВОЧЕРКАССК,НОВОЧЕРКАССК,geo_031395c2814d1770,НОВОЧЕРКАССК,canonical_name,geo_catalog_v1_2026_07_18
ОЛЕНЕГОРСК,ОЛЕНЕГОРСК,geo_89551556910e5180,ОЛЕНЕГОРСК,canonical_name,geo_catalog_v1_2026_07_18
ОМСК,ОМСК,geo_093a1766328e66ca,ОМСК,canonical_name,geo_catalog_v1_2026_07_18
ОМСКАЯ ОБЛАСТЬ,ОМСКАЯ ОБЛАСТЬ,geo_e1f551bc52b231f4,ОМСКАЯ ОБЛАСТЬ,canonical_name,geo_catalog_v1_2026_07_18
ОРЕЛ,ОРЕЛ,geo_75b1c7a1ec0c6bca,ОРЕЛ,canonical_name,geo_catalog_v1_2026_07_18
ОРЕНБУРГ,ОРЕНБУРГ,geo_181e96762afa6524,ОРЕНБУРГ,canonical_name,geo_catalog_v1_2026_07_18
ОРЕНБУРГСКАЯ ОБЛАСТЬ,ОРЕНБУРГСКАЯ ОБЛАСТЬ,geo_5626b585975ad5ce,ОРЕНБУРГСКАЯ ОБЛАСТЬ,canonical_name,geo_catalog_v1_2026_07_18
ОРЛОВСКАЯ ОБЛАСТЬ,ОРЛОВСКАЯ ОБЛАСТЬ,geo_4ddce812b8d17e01,ОРЛОВСКАЯ ОБЛАСТЬ,canonical_name,geo_catalog_v1_2026_07_18
ОСТАШЕВО,ОСТАШЕВО,geo_8aec4909737b94ec,ОСТАШЕВО,canonical_name,geo_catalog_v1_2026_07_18
ОСТРОВ,ОСТРОВ,geo_a1c32c91e8ec8e60,ОСТРОВ,canonical_name,geo_catalog_v1_2026_07_18
ПАРТИЗАНСК,ПАРТИЗАНСК,geo_4f53b29b6ff02d79,ПАРТИЗАНСК,canonical_name,geo_catalog_v1_2026_07_18
ПЕНЗА,ПЕНЗА,geo_09500abdc140c57e,ПЕНЗА,canonical_name,geo_catalog_v1_2026_07_18
ПЕНЗЕНСКАЯ ОБЛАСТЬ,ПЕНЗЕНСКАЯ ОБЛАСТЬ,geo_19402913187c65e0,ПЕНЗЕНСКАЯ ОБЛАСТЬ,canonical_name,geo_catalog_v1_2026_07_18
ПЕРЕСЛАВЛЬ ЗАЛЕССКИЙ,ПЕРЕСЛАВЛЬ ЗАЛЕССКИЙ,geo_f6705f8d048e2b53,ПЕРЕСЛАВЛЬ-ЗАЛЕССКИЙ,registered_hyphen_variant,geo_catalog_v1_2026_07_18
ПЕРЕСЛАВЛЬ-ЗАЛЕССКИЙ,ПЕРЕСЛАВЛЬ-ЗАЛЕССКИЙ,geo_f6705f8d048e2b53,ПЕРЕСЛАВЛЬ-ЗАЛЕССКИЙ,canonical_name,geo_catalog_v1_2026_07_18
ПЕРМСКИЙ КРАЙ,ПЕРМСКИЙ КРАЙ,geo_ba7e7b605d51de94,ПЕРМСКИЙ КРАЙ,canonical_name,geo_catalog_v1_2026_07_18
ПЕРМЬ,ПЕРМЬ,geo_37451e5dce8192aa,ПЕРМЬ,canonical_name,geo_catalog_v1_2026_07_18
ПЕТРОЗАВОДСК,ПЕТРОЗАВОДСК,geo_a8cb66747ba3b026,ПЕТРОЗАВОДСК,canonical_name,geo_catalog_v1_2026_07_18
ПОДОЛЬСК,ПОДОЛЬСК,geo_425d8ef3221e32b8,ПОДОЛЬСК,canonical_name,geo_catalog_v1_2026_07_18
ПСКОВ,ПСКОВ,geo_64a57807beaa1977,ПСКОВ,canonical_name,geo_catalog_v1_2026_07_18
ПСКОВСКАЯ ОБЛАСТЬ,ПСКОВСКАЯ ОБЛАСТЬ,geo_5b43415568bcd9ce,ПСКОВСКАЯ ОБЛАСТЬ,canonical_name,geo_catalog_v1_2026_07_18
ПЯТИГОРСК,ПЯТИГОРСК,geo_eb5910a08dfcc5c1,ПЯТИГОРСК,canonical_name,geo_catalog_v1_2026_07_18
РАМЕНСКОЕ,РАМЕНСКОЕ,geo_a9d7e611872fa730,РАМЕНСКОЕ,canonical_name,geo_catalog_v1_2026_07_18
РЕСПУБЛИКА АДЫГЕЯ,РЕСПУБЛИКА АДЫГЕЯ,geo_0727e7ed2632befc,РЕСПУБЛИКА АДЫГЕЯ,canonical_name,geo_catalog_v1_2026_07_18
РЕСПУБЛИКА БАШКОРТОСТАН,РЕСПУБЛИКА БАШКОРТОСТАН,geo_ca87e5cd19f69216,РЕСПУБЛИКА БАШКОРТОСТАН,canonical_name,geo_catalog_v1_2026_07_18
РЕСПУБЛИКА БУРЯТИЯ,РЕСПУБЛИКА БУРЯТИЯ,geo_528f8766cd1b4fae,РЕСПУБЛИКА БУРЯТИЯ,canonical_name,geo_catalog_v1_2026_07_18
РЕСПУБЛИКА КАЛМЫКИЯ,РЕСПУБЛИКА КАЛМЫКИЯ,geo_dd8200d841f8b809,РЕСПУБЛИКА КАЛМЫКИЯ,canonical_name,geo_catalog_v1_2026_07_18
РЕСПУБЛИКА КАРЕЛИЯ,РЕСПУБЛИКА КАРЕЛИЯ,geo_3150ebe5e447e018,РЕСПУБЛИКА КАРЕЛИЯ,canonical_name,geo_catalog_v1_2026_07_18
РЕСПУБЛИКА КОМИ,РЕСПУБЛИКА КОМИ,geo_9adf3ba9e73a727e,РЕСПУБЛИКА КОМИ,canonical_name,geo_catalog_v1_2026_07_18
РЕСПУБЛИКА МАРИЙ ЭЛ,РЕСПУБЛИКА МАРИЙ ЭЛ,geo_f9ca0ddcdbe5e80b,РЕСПУБЛИКА МАРИЙ ЭЛ,canonical_name,geo_catalog_v1_2026_07_18
РЕСПУБЛИКА МОРДОВИЯ,РЕСПУБЛИКА МОРДОВИЯ,geo_0e3003c176b3a09b,РЕСПУБЛИКА МОРДОВИЯ,canonical_name,geo_catalog_v1_2026_07_18
РЕСПУБЛИКА СЕВЕРНАЯ ОСЕТИЯ,РЕСПУБЛИКА СЕВЕРНАЯ ОСЕТИЯ,geo_2bb5b3c30eec3850,РЕСПУБЛИКА СЕВЕРНАЯ ОСЕТИЯ,canonical_name,geo_catalog_v1_2026_07_18
Республика Северная Осетия - Алания,РЕСПУБЛИКА СЕВЕРНАЯ ОСЕТИЯ - АЛАНИЯ,geo_2bb5b3c30eec3850,РЕСПУБЛИКА СЕВЕРНАЯ ОСЕТИЯ,registered_business_alias,geo_catalog_v1_2026_07_18
РЕСПУБЛИКА ТАТАРСТАН,РЕСПУБЛИКА ТАТАРСТАН,geo_d83edfd6628e9afc,РЕСПУБЛИКА ТАТАРСТАН,canonical_name,geo_catalog_v1_2026_07_18
РЕСПУБЛИКА УДМУРТИЯ,РЕСПУБЛИКА УДМУРТИЯ,geo_9cc418889ab160c9,РЕСПУБЛИКА УДМУРТИЯ,canonical_name,geo_catalog_v1_2026_07_18
РЕСПУБЛИКА ЧУВАШИЯ,РЕСПУБЛИКА ЧУВАШИЯ,geo_d21f368556678496,РЕСПУБЛИКА ЧУВАШИЯ,canonical_name,geo_catalog_v1_2026_07_18
РОСТОВ НА ДОНУ,РОСТОВ НА ДОНУ,geo_654946621661ed59,РОСТОВ-НА-ДОНУ,registered_hyphen_variant,geo_catalog_v1_2026_07_18
РОСТОВ-НА-ДОНУ,РОСТОВ-НА-ДОНУ,geo_654946621661ed59,РОСТОВ-НА-ДОНУ,canonical_name,geo_catalog_v1_2026_07_18
РОСТОВСКАЯ ОБЛАСТЬ,РОСТОВСКАЯ ОБЛАСТЬ,geo_aaf573ca2de434b2,РОСТОВСКАЯ ОБЛАСТЬ,canonical_name,geo_catalog_v1_2026_07_18
РЫБИНСК,РЫБИНСК,geo_42f79d22f4fb70a5,РЫБИНСК,canonical_name,geo_catalog_v1_2026_07_18
РЯЗАНЬ,РЯЗАНЬ,geo_6250113c3a735179,РЯЗАНЬ,canonical_name,geo_catalog_v1_2026_07_18
САМАРА,САМАРА,geo_2a7d6797adab975f,САМАРА,canonical_name,geo_catalog_v1_2026_07_18
САМАРСКАЯ ОБЛАСТЬ,САМАРСКАЯ ОБЛАСТЬ,geo_c0f79969c9badc87,САМАРСКАЯ ОБЛАСТЬ,canonical_name,geo_catalog_v1_2026_07_18
САНКТ ПЕТЕРБУРГ,САНКТ ПЕТЕРБУРГ,geo_94835d40a52e5a3a,САНКТ-ПЕТЕРБУРГ,registered_hyphen_variant,geo_catalog_v1_2026_07_18
САНКТ-ПЕТЕРБУРГ,САНКТ-ПЕТЕРБУРГ,geo_94835d40a52e5a3a,САНКТ-ПЕТЕРБУРГ,canonical_name,geo_catalog_v1_2026_07_18
САРАНСК,САРАНСК,geo_7d1b5b95bf81cf12,САРАНСК,canonical_name,geo_catalog_v1_2026_07_18
САРАТОВ,САРАТОВ,geo_5fa9084303383362,САРАТОВ,canonical_name,geo_catalog_v1_2026_07_18
САРАТОВСКАЯ ОБЛАСТЬ,САРАТОВСКАЯ ОБЛАСТЬ,geo_cda5a80a3b7169f4,САРАТОВСКАЯ ОБЛАСТЬ,canonical_name,geo_catalog_v1_2026_07_18
СВЕРДЛОВСКАЯ ОБЛАСТЬ,СВЕРДЛОВСКАЯ ОБЛАСТЬ,geo_e6e7e70b713bacde,СВЕРДЛОВСКАЯ ОБЛАСТЬ,canonical_name,geo_catalog_v1_2026_07_18
Северная Осетия,СЕВЕРНАЯ ОСЕТИЯ,geo_2bb5b3c30eec3850,РЕСПУБЛИКА СЕВЕРНАЯ ОСЕТИЯ,registered_business_alias,geo_catalog_v1_2026_07_18
СЕВЕРОДВИНСК,СЕВЕРОДВИНСК,geo_c6774093951808be,СЕВЕРОДВИНСК,canonical_name,geo_catalog_v1_2026_07_18
СЛАВЯНСК НА КУБАНИ,СЛАВЯНСК НА КУБАНИ,geo_c7f12238925542ef,СЛАВЯНСК-НА-КУБАНИ,registered_hyphen_variant,geo_catalog_v1_2026_07_18
СЛАВЯНСК-НА-КУБАНИ,СЛАВЯНСК-НА-КУБАНИ,geo_c7f12238925542ef,СЛАВЯНСК-НА-КУБАНИ,canonical_name,geo_catalog_v1_2026_07_18
СМОЛЕНСК,СМОЛЕНСК,geo_7b998ab602a8bb85,СМОЛЕНСК,canonical_name,geo_catalog_v1_2026_07_18
СОКОЛ,СОКОЛ,geo_9ad85b7d0d60c3a8,СОКОЛ,canonical_name,geo_catalog_v1_2026_07_18
СОЛНЕЧНОГОРСК,СОЛНЕЧНОГОРСК,geo_c702f60ace70d5f2,СОЛНЕЧНОГОРСК,canonical_name,geo_catalog_v1_2026_07_18
СОЧИ,СОЧИ,geo_2e944fce52e678a6,СОЧИ,canonical_name,geo_catalog_v1_2026_07_18
СПБ,СПБ,geo_94835d40a52e5a3a,САНКТ-ПЕТЕРБУРГ,registered_business_alias,geo_catalog_v1_2026_07_18
СТАВРОПОЛЬ,СТАВРОПОЛЬ,geo_b03bdf6566284376,СТАВРОПОЛЬ,canonical_name,geo_catalog_v1_2026_07_18
СТАВРОПОЛЬСКИЙ КРАЙ,СТАВРОПОЛЬСКИЙ КРАЙ,geo_6ead6cdc17609501,СТАВРОПОЛЬСКИЙ КРАЙ,canonical_name,geo_catalog_v1_2026_07_18
СТАРЫЙ ОСКОЛ,СТАРЫЙ ОСКОЛ,geo_870a7f937ff57ad8,СТАРЫЙ ОСКОЛ,canonical_name,geo_catalog_v1_2026_07_18
СУРГУТ,СУРГУТ,geo_de69fcc1dc39ab66,СУРГУТ,canonical_name,geo_catalog_v1_2026_07_18
СЫКТЫВКАР,СЫКТЫВКАР,geo_4182ea75dbfa6adf,СЫКТЫВКАР,canonical_name,geo_catalog_v1_2026_07_18
ТАГАНРОГ,ТАГАНРОГ,geo_ce5654ff1584e47a,ТАГАНРОГ,canonical_name,geo_catalog_v1_2026_07_18
ТАМБОВ,ТАМБОВ,geo_e10794967a6913ef,ТАМБОВ,canonical_name,geo_catalog_v1_2026_07_18
ТАМБОВСКАЯ ОБЛАСТЬ,ТАМБОВСКАЯ ОБЛАСТЬ,geo_1abfa315865f6827,ТАМБОВСКАЯ ОБЛАСТЬ,canonical_name,geo_catalog_v1_2026_07_18
ТВЕРСКАЯ ОБЛАСТЬ,ТВЕРСКАЯ ОБЛАСТЬ,geo_57f4ff5d3ee8852e,ТВЕРСКАЯ ОБЛАСТЬ,canonical_name,geo_catalog_v1_2026_07_18
ТВЕРЬ,ТВЕРЬ,geo_7518d7367997f3ed,ТВЕРЬ,canonical_name,geo_catalog_v1_2026_07_18
ТИМАШЕВСК,ТИМАШЕВСК,geo_6527fd7958b63ecb,ТИМАШЕВСК,canonical_name,geo_catalog_v1_2026_07_18
ТИХОРЕЦК,ТИХОРЕЦК,geo_9f4af49a5d901612,ТИХОРЕЦК,canonical_name,geo_catalog_v1_2026_07_18
ТОЛЬЯТТИ,ТОЛЬЯТТИ,geo_ca921138dd63e5b0,ТОЛЬЯТТИ,canonical_name,geo_catalog_v1_2026_07_18
ТОМСК,ТОМСК,geo_133cdb7dcca84543,ТОМСК,canonical_name,geo_catalog_v1_2026_07_18
ТОМСКАЯ ОБЛАСТЬ,ТОМСКАЯ ОБЛАСТЬ,geo_6ea343b71af7c34e,ТОМСКАЯ ОБЛАСТЬ,canonical_name,geo_catalog_v1_2026_07_18
ТОРЖОК,ТОРЖОК,geo_192c939939bbebd5,ТОРЖОК,canonical_name,geo_catalog_v1_2026_07_18
ТУЛА,ТУЛА,geo_39bd072f033b68ee,ТУЛА,canonical_name,geo_catalog_v1_2026_07_18
ТУТАЕВ,ТУТАЕВ,geo_d2f332559d2b8768,ТУТАЕВ,canonical_name,geo_catalog_v1_2026_07_18
ТЮМЕНСКАЯ ОБЛАСТЬ,ТЮМЕНСКАЯ ОБЛАСТЬ,geo_5d87c0fa88acedb1,ТЮМЕНСКАЯ ОБЛАСТЬ,canonical_name,geo_catalog_v1_2026_07_18
ТЮМЕНЬ,ТЮМЕНЬ,geo_6de565131413b901,ТЮМЕНЬ,canonical_name,geo_catalog_v1_2026_07_18
УГЛИЧ,УГЛИЧ,geo_1d4e10a78edc1614,УГЛИЧ,canonical_name,geo_catalog_v1_2026_07_18
Удмуртская Республика,УДМУРТСКАЯ РЕСПУБЛИКА,geo_9cc418889ab160c9,РЕСПУБЛИКА УДМУРТИЯ,registered_business_alias,geo_catalog_v1_2026_07_18
УДОМЛЯ,УДОМЛЯ,geo_d32a2da6f7fa7234,УДОМЛЯ,canonical_name,geo_catalog_v1_2026_07_18
УЛАН УДЭ,УЛАН УДЭ,geo_1d7333fd2a3c8715,УЛАН-УДЭ,registered_hyphen_variant,geo_catalog_v1_2026_07_18
УЛАН-УДЭ,УЛАН-УДЭ,geo_1d7333fd2a3c8715,УЛАН-УДЭ,canonical_name,geo_catalog_v1_2026_07_18
УЛЬЯНОВСК,УЛЬЯНОВСК,geo_95ccc4904baeea20,УЛЬЯНОВСК,canonical_name,geo_catalog_v1_2026_07_18
УЛЬЯНОВСКАЯ ОБЛАСТЬ,УЛЬЯНОВСКАЯ ОБЛАСТЬ,geo_8d8df24c5ffbb97d,УЛЬЯНОВСКАЯ ОБЛАСТЬ,canonical_name,geo_catalog_v1_2026_07_18
УССУРИЙСК,УССУРИЙСК,geo_cc6d40a0fd8a0441,УССУРИЙСК,canonical_name,geo_catalog_v1_2026_07_18
УФА,УФА,geo_965336b61d1b679c,УФА,canonical_name,geo_catalog_v1_2026_07_18
УХТА,УХТА,geo_d2c4415cd7421cea,УХТА,canonical_name,geo_catalog_v1_2026_07_18
ФОКИНО,ФОКИНО,geo_746b7f322c7d4483,ФОКИНО,canonical_name,geo_catalog_v1_2026_07_18
ХАБАРОВСК,ХАБАРОВСК,geo_9920888cf795b8e9,ХАБАРОВСК,canonical_name,geo_catalog_v1_2026_07_18
ХАБАРОВСКИЙ КРАЙ,ХАБАРОВСКИЙ КРАЙ,geo_2bb56ca5ca40c1f7,ХАБАРОВСКИЙ КРАЙ,canonical_name,geo_catalog_v1_2026_07_18
ХАНТЫ МАНСИЙСК,ХАНТЫ МАНСИЙСК,geo_5ac7acde3cdf68a6,ХАНТЫ-МАНСИЙСК,registered_hyphen_variant,geo_catalog_v1_2026_07_18
ХАНТЫ МАНСИЙСКИЙ АВТОНОМНЫЙ ОКРУГ,ХАНТЫ МАНСИЙСКИЙ АВТОНОМНЫЙ ОКРУГ,geo_108eab140138349f,ХАНТЫ-МАНСИЙСКИЙ АВТОНОМНЫЙ ОКРУГ,registered_hyphen_variant,geo_catalog_v1_2026_07_18
ХАНТЫ-МАНСИЙСК,ХАНТЫ-МАНСИЙСК,geo_5ac7acde3cdf68a6,ХАНТЫ-МАНСИЙСК,canonical_name,geo_catalog_v1_2026_07_18
ХАНТЫ-МАНСИЙСКИЙ АВТОНОМНЫЙ ОКРУГ,ХАНТЫ-МАНСИЙСКИЙ АВТОНОМНЫЙ ОКРУГ,geo_108eab140138349f,ХАНТЫ-МАНСИЙСКИЙ АВТОНОМНЫЙ ОКРУГ,canonical_name,geo_catalog_v1_2026_07_18
ХИМКИ,ХИМКИ,geo_ff1cdaafe9cbdd42,ХИМКИ,canonical_name,geo_catalog_v1_2026_07_18
ХМАО,ХМАО,geo_108eab140138349f,ХАНТЫ-МАНСИЙСКИЙ АВТОНОМНЫЙ ОКРУГ,registered_business_alias,geo_catalog_v1_2026_07_18
ХМАО-Югра,ХМАО-ЮГРА,geo_108eab140138349f,ХАНТЫ-МАНСИЙСКИЙ АВТОНОМНЫЙ ОКРУГ,registered_business_alias,geo_catalog_v1_2026_07_18
ЧЕБОКСАРЫ,ЧЕБОКСАРЫ,geo_b25fd4fb102fd0bb,ЧЕБОКСАРЫ,canonical_name,geo_catalog_v1_2026_07_18
ЧЕЛЯБИНСК,ЧЕЛЯБИНСК,geo_5d01870a3a173190,ЧЕЛЯБИНСК,canonical_name,geo_catalog_v1_2026_07_18
ЧЕЛЯБИНСКАЯ ОБЛАСТЬ,ЧЕЛЯБИНСКАЯ ОБЛАСТЬ,geo_4d36b8978c7dd983,ЧЕЛЯБИНСКАЯ ОБЛАСТЬ,canonical_name,geo_catalog_v1_2026_07_18
ЧЕРЕПОВЕЦ,ЧЕРЕПОВЕЦ,geo_3c537c4cd22a8b1f,ЧЕРЕПОВЕЦ,canonical_name,geo_catalog_v1_2026_07_18
ЧЕРКЕССК,ЧЕРКЕССК,geo_9519057ac44fcf68,ЧЕРКЕССК,canonical_name,geo_catalog_v1_2026_07_18
ЧИТА,ЧИТА,geo_3a3c9a16bd3f4347,ЧИТА,canonical_name,geo_catalog_v1_2026_07_18
Чувашская Республика,ЧУВАШСКАЯ РЕСПУБЛИКА,geo_d21f368556678496,РЕСПУБЛИКА ЧУВАШИЯ,registered_business_alias,geo_catalog_v1_2026_07_18
ШАХТЫ,ШАХТЫ,geo_91a30b433c3f5106,ШАХТЫ,canonical_name,geo_catalog_v1_2026_07_18
ШУЯ,ШУЯ,geo_27c6321193c78661,ШУЯ,canonical_name,geo_catalog_v1_2026_07_18
ЩЕЛКОВО,ЩЕЛКОВО,geo_b894719643de2741,ЩЕЛКОВО,canonical_name,geo_catalog_v1_2026_07_18
ЭНГЕЛЬС,ЭНГЕЛЬС,geo_79524caf0e86edf3,ЭНГЕЛЬС,canonical_name,geo_catalog_v1_2026_07_18
ЯКУТСК,ЯКУТСК,geo_42f01deb191fb1c1,ЯКУТСК,canonical_name,geo_catalog_v1_2026_07_18
ЯРОСЛАВЛЬ,ЯРОСЛАВЛЬ,geo_212302479b4c065e,ЯРОСЛАВЛЬ,canonical_name,geo_catalog_v1_2026_07_18
ЯРОСЛАВСКАЯ ОБЛАСТЬ,ЯРОСЛАВСКАЯ ОБЛАСТЬ,geo_4f53b0ec17d55e63,ЯРОСЛАВСКАЯ ОБЛАСТЬ,canonical_name,geo_catalog_v1_2026_07_18
